cle,fr,en,ff
"continue","Continuer","Continue",""
"confirm","Confirmer","Confirm",""
"send","Envoyer","Send",""
"save","Enregistrer","Save",""
"cancel","Annuler","Cancel",""
"retry","Réessayer","Retry",""
"back","Retour","Back",""
"chooseLanguage","Choisissez votre langue","Choose your language",""
"savedSecure","Mémorisé · SecureStore","Saved in SecureStore",""
"welcomeTitle","Livrez en toute confiance","Deliver with confidence",""
"welcomeBody","Réseau vendeurs & livreurs, sécurisé par KYC et mobile money.","Vendor & deliverer network, secured by KYC and mobile money.",""
"createAccount","Créer un compte","Create an account",""
"signIn","Se connecter","Sign in",""
"kycVerified","KYC vérifié","KYC verified",""
"fullName","Nom complet","Full name",""
"phone","Téléphone","Phone",""
"acceptTerms","J'accepte les CGU & confidentialité","I accept the Terms & Privacy",""
"getCode","Recevoir mon code","Get my code",""
"verification","Vérification","Verification",""
"otpHint","Saisissez le code à 4 chiffres reçu.","Enter the 4-digit code we sent you.",""
"verify","Vérifier","Verify",""
"resendIn","Renvoyer dans","Resend in",""
"yourPin","Votre code PIN","Your PIN",""
"pinHint","Vous l'utiliserez pour vos prochaines connexions.","You'll use it to sign in next time.",""
"welcomeBack","Content de vous revoir","Welcome back",""
"enterPin","Saisissez votre PIN pour continuer.","Enter your PIN to continue.",""
"faceId","Se connecter avec Face ID","Sign in with Face ID",""
"forgotPin","Code oublié ?","Forgot PIN?",""
"identityCheck","Vérification d'identité","Identity check",""
"idFront","CNI — recto","ID — front",""
"idBack","CNI — verso","ID — back",""
"selfie","Selfie 1:1","Selfie 1:1",""
"reviewed24h","Vérifié sous 24h","Reviewed under 24h",""
"submit","Envoyer","Submit",""
"enableLocation","Activer la localisation","Enable location",""
"locationBody","Nécessaire pour les courses proches de vous.","Needed to match deliveries near you.",""
"allow","Autoriser","Allow",""
"howUse","Vous utilisez KoliGo comment ?","How will you use KoliGo?",""
"vendor","Vendeur","Vendor",""
"iSend","J'envoie des colis","I send parcels",""
"deliverer","Livreur","Deliverer",""
"iDeliver","Je livre des colis","I deliver parcels",""
"dualProfile","Activer les deux (dual-profil)","Enable both (dual profile)",""
"paymentAccount","Compte de paiement","Payment account",""
"operator","Opérateur","Operator",""
"number","Numéro","Number",""
"holder","Nom du titulaire","Account holder",""
"tabHome","Accueil","Home",""
"tabHistory","Historique","History",""
"tabChat","Chat","Chat",""
"tabProfile","Profil","Profile",""
"tabOffers","Courses","Offers",""
"tabWallet","Wallet","Wallet",""
"hi","Bonjour","Hi",""
"switchRole","Changer de rôle","Switch role",""
"earningsXaf","Gains XAF","Earnings XAF",""
"activeParcels","Colis actifs","Active",""
"enRoute","En route","En route",""
"newDelivery","+ Créer une livraison","+ New delivery",""
"activeDeliveries","Courses actives","Active deliveries",""
"inTransit","En route","In transit",""
"pickup","Collecte","Pickup",""
"theParcel","Le colis","The parcel",""
"weight","Poids","Weight",""
"description","Description du colis…","Parcel description…",""
"urgency","Urgence","Urgency",""
"destination","Destination · Akwa","Destination · Akwa",""
"dynamicPrice","Prix calculé","Dynamic price",""
"yourCodes","Vos codes","Your codes",""
"pickupCode","Code collecte","Pickup code",""
"receptionCode","Code réception","Reception code",""
"toDeliverer","Au livreur","To deliverer",""
"toClient","Au client","To client",""
"trustInvoice","Facture de confiance (PDF)","Trust invoice (PDF)",""
"link","Lien","Link",""
"deliveryDetail","Détail livraison","Delivery detail",""
"history","Historique","History",""
"delivered","Livré","Delivered",""
"cancelled","Annulé","Cancelled",""
"online","En ligne","Online",""
"message","Message…","Message…",""
"youReceiveOffers","Vous recevez des courses","You receive offers",""
"wallet","Wallet","Wallet",""
"today","Aujourd'hui","Today",""
"trips","Courses","Trips",""
"rating","Note","Rating",""
"topOffers","Meilleures courses","Top offers",""
"available","Disponibles","Available",""
"decline","Refuser","Decline",""
"accept","Accepter","Accept",""
"atVendor","Je suis arrivé chez le vendeur","I'm at the vendor",""
"enterPickup","Demandez au vendeur le code de collecte.","Ask the vendor for the pickup code.",""
"waitingClient","Attente confirmation client","Waiting for client confirmation",""
"call","Appeler","Call",""
"balance","Solde","Balance",""
"withdraw","Retirer (MTN / Orange)","Withdraw (MTN / Orange)",""
"transactions","Transactions","Transactions",""
"howWasIt","Comment ça s'est passé ?","How was it?",""
"sendRating","Envoyer la note","Send rating",""
"reportIssue","Signaler un problème","Report an issue",""
"damaged","Colis endommagé","Damaged parcel",""
"missing","Article manquant","Missing item",""
"wrongAddress","Mauvaise adresse","Wrong address",""
"submitReport","Envoyer le signalement","Submit report",""
"vehicle","Véhicule","Vehicle",""
"parcelComing","Un colis arrive pour vous","A parcel is on its way",""
"from","De","From",""
"yourReceptionCode","Votre code réception","Your reception code",""
"trackDelivery","Suivre la livraison","Track the delivery",""
"reception","Réception","Reception",""
"enterReception","Saisissez le code de réception donné par le vendeur.","Type the reception code shown by the vendor.",""
"momoRef","Réf. paiement MoMo (option)","MoMo reference (optional)",""
"deliveryConfirmed","Livraison confirmée","Delivery confirmed",""
"totalPaid","Total payé","Total paid",""
"autoSplit","Répartition automatique","Automatic split",""
"paymentReceipt","Reçu paiement","Payment receipt",""
"deliveryReceipt","Reçu livraison","Delivery receipt",""
"rate","Noter","Rate",""
"notifications","Notifications","Notifications",""
"settings","Paramètres","Settings",""
"language","Langue","Language",""
"theme","Thème","Theme",""
"light","Clair","Light",""
"dark","Sombre","Dark",""
"sepia","Sépia","Sepia",""
"changePin","Changer le PIN","Change PIN",""
"terms","CGU & confidentialité","Terms & Privacy",""
"logout","Se déconnecter","Log out",""
"maintenance","Maintenance en cours","Maintenance in progress",""
"maintenanceBody","KoliGo est momentanément indisponible.","KoliGo is briefly unavailable.",""
